Experiment_ID,rows,unique_IL,n_formulations,pmid,model,cell_or_animal,route,cargo,mix,readout,value_na
YX_2024,2400,1200,2400,39060305.0,in_vitro,HeLa,in_vitro,FLuc,handmixed,luminescence_normalized,0
JW_2024,1902,248,1902,37985700.0,in_vitro,A549,in_vitro,FLuc,handmixed,luminescence_normalized,0
KZ_2016,1538,1470,1538,26729861.0,in_vitro,HeLa,in_vitro,FLuc,handmixed,luminescence_discretized_normalized,0
KW_2014,1273,1158,1273,24969323.0,in_vitro,HeLa,in_vitro,FLuc,handmixed,luminescence_normalized,0
LM_2019,1128,1080,1128,31570898.0,in_vitro,HeLa,in_vitro,FLuc,handmixed,luminescence_normalized,0
YZ_2024,1080,1,1080,38082180.0,in_vitro,DC2.4,in_vitro,FLuc,handmixed,luminescence_normalized,0
YZ_2022,1080,1,1080,35879315.0,in_vitro,HepG2,in_vitro,FLuc,handmixed,luminescence_normalized,0
LX_2024,851,180,851,38424061.0,in_vivo,Mouse_B6,intravenous,DNA_barcode,handmixed,uptake,0
BL_2023,773,711,773,36997680.0,in_vitro,A549,in_vitro,FLuc,handmixed,luminescence_normalized,0
JL_2024,623,623,623,39497197.0,in_vitro,DC2.4,in_vitro,FLuc,handmixed,luminescence_normalized,0
BL_2024,611,560,611,38740955.0,in_vitro,HeLa,in_vitro,FLuc,handmixed,luminescence_normalized,0
SL_2021,572,572,572,33542471.0,in_vitro,IGROV1,in_vitro,FLuc,handmixed,luminescence_discretized_normalized,0
XH_2025,500,500,500,40060499.0,in_vitro,HepG2,in_vitro,FLuc,handmixed,luminescence_normalized,0
AA_2008,497,487,497,18438401.0,in_vitro,HeLa,in_vitro,FLuc,handmixed,luminescence_discretized_normalized,0
LR_2023,407,383,407,37127709.0,in_vivo,Mouse_B6,intravenous,peptide_barcode,microfluidics,protein_adundance_normalized,0
KL_2010,378,378,378,20080679.0,in_vitro,HeLa,in_vitro,FLuc,handmixed,luminescence_normalized,328
NC_2024,350,260,350,38437545.0,in_vitro,BeWo_b30,in_vitro,FLuc,handmixed,luminescence_normalized,0
ZH_2023,325,161,325,37661193.0,in_vivo,Mouse_B6,intravenous,FLuc,handmixed,luminescence_normalized,0
JC_2023,288,288,288,38060560.0,in_vitro,HeLa,in_vitro,FLuc,handmixed,luminescence_normalized,0
YR_2024,286,286,286,39099464.0,in_vitro,HeLa,in_vitro,FLuc,handmixed,luminescence_discretized_normalized,0
LX_2024_2,270,270,270,39742515.0,in_vitro,HeLa,in_vitro,FLuc,handmixed,luminescence_normalized,0
BroadPharm_2024,269,267,0,NA,NA,NA,NA,NA,NA,NA,269
RG_2023,260,260,260,37480759.0,in_vivo,Mouse_BALBc,intramuscular,hEPO,microfluidics,protein_adundance_normalized,0
LX_2024_3,252,252,252,39354147.0,in_vitro,HepG2,in_vitro,FLuc,handmixed,luminescence_normalized,0
YX_2023,248,176,248,37990414.0,in_vitro,HeLa,in_vitro,FLuc,microfluidics,luminescence_normalized,0
SW_2024,180,180,180,39424104.0,in_vitro,IGROV1,in_vitro,FLuc,handmixed,luminescence_normalized,0
XH_2024_2,151,151,151,39578640.0,in_vitro,HepG2,in_vitro,FLuc,handmixed,luminescence_normalized,0
ZL_2022,144,144,144,36269150.0,in_vitro,HEK293T,in_vitro,FLuc,handmixed,luminescence_normalized,0
SX_2025,141,130,141,40796944.0,in_vivo,Mouse_Ai14,intravenous,base_editor,microfluidics,editing_efficiency_normalized,0
KS_2024,140,140,140,38969646.0,in_vitro,IGROV1,in_vitro,FLuc,handmixed,luminescence_normalized,0
ZC_2023,131,101,131,37853662.0,in_vitro,IGROV1,in_vitro,FLuc,handmixed,luminescence_discretized_normalized,0
YY_2023,119,119,119,37591187.0,in_vitro,IGROV1,in_vitro,FLuc,handmixed,luminescence_normalized,0
LL_2012,112,112,112,22902058.0,in_vitro,HEK293T,in_vitro,GFP,handmixed,LRP6_knockdown_normalized,0
LZ_2025,96,1,96,39875076.0,in_vitro,A549,in_vitro,FLuc,handmixed,luminescence_normalized,0
SL_2020,91,63,91,33305471.0,in_vitro,IGROV1,in_vitro,FLuc,handmixed,luminescence_discretized_normalized,0
AP_2025,91,91,91,40234552.0,in_vivo,Mouse_BALBc,intramuscular,FLuc,handmixed,luminescence_normalized,0
JM_2016,72,72,72,27981708.0,in_vitro,HeLa,in_vitro,FLuc,handmixed,luminescence_normalized,0
XH_2024,60,30,60,38409275.0,in_vitro,HepG2,in_vitro,FLuc,handmixed,luminescence_normalized,0
SY_2025,36,19,36,39502027.0,in_vivo,Mouse_ICR,intradermal,RLuc,microfluidics,luminescence_relative_to_Spikevax,0
SP_2020,30,1,30,32080183.0,in_vitro,HeLa,in_vitro,FLuc,microfluidics,luminescence_normalized,0
SB_2024,24,2,24,29786478.0,in_vivo,Mouse_ICR,intradermal,RLuc,microfluidics,luminescence_relative_to_Spikevax,0
SS_2018,10,10,10,29653760.0,in_vivo,Mouse_CD1,intravenous,FLuc,microfluidics,luminescence_normalized,0
LL_2025,8,1,8,40131321.0,in_vivo,Mouse_BALBc,intramuscular,hEPO,handmixed,protein_adundance_normalized,0
