source_id	accession	resolved_accession	source_isoform	site_start	site_end	eight_mer	p1_position	p1prime_position	model_score	sequence_verified	protein_name	gene_name	has_multiple_isoforms	processing_overlap	mature_peptide_overlap	chain_annotations	transmembrane_overlap	topology_annotations	subcellular_location	domain_annotations	family_annotations	glycosylation_count_near_site	modified_residue_count_near_site	disulfide_overlap	rsa_p1	rsa_p1prime	rsa_window_mean	rsa_window_min	plddt_window_mean	contact_density_8a	exposure_robustness	ss_p1	ss_p1prime	ss_window_pattern	ss_helix_fraction	ss_strand_fraction	ss_loop_fraction	structure_source	evidence_gaps	warnings	retrieved_at	analysis_status	exclusion_reason	review_reason
sp|Q8N104|D106A_HUMAN|window_32	Q8N104	Q8N104		33	40	CKNNCGKN	36	37	0.893	true	Beta-defensin 106	DEFB106A	false	-	Peptide: Beta-defensin 106	-	-	-	Secreted; Membrane	-	InterPro: Beta_defensin_dom; Pfam: Defensin_beta_2	0	0	true							Unknown								RSA/pLDDT unavailable: PyDSSP unavailable; install project dependencies | incomplete structural coverage for 8-mer | incomplete secondary-structure coverage for 8-mer	-	2026-09-07	REVIEW	-	membrane-side accessibility has no UniProt topology annotation | overlaps a disulfide bond | RSA/pLDDT unavailable: PyDSSP unavailable; install project dependencies | incomplete structural coverage for 8-mer | incomplete secondary-structure coverage for 8-mer
sp|Q8N104|D106A_HUMAN|window_31	Q8N104	Q8N104		32	39	TCKNNCGK	35	36	0.8848	true	Beta-defensin 106	DEFB106A	false	-	Peptide: Beta-defensin 106	-	-	-	Secreted; Membrane	-	InterPro: Beta_defensin_dom; Pfam: Defensin_beta_2	0	0	true							Unknown								RSA/pLDDT unavailable: PyDSSP unavailable; install project dependencies | incomplete structural coverage for 8-mer | incomplete secondary-structure coverage for 8-mer	-	2026-09-07	REVIEW	-	membrane-side accessibility has no UniProt topology annotation | overlaps a disulfide bond | RSA/pLDDT unavailable: PyDSSP unavailable; install project dependencies | incomplete structural coverage for 8-mer | incomplete secondary-structure coverage for 8-mer
sp|Q8N104|D106A_HUMAN|window_33	Q8N104	Q8N104		34	41	KNNCGKNE	37	38	0.8689	true	Beta-defensin 106	DEFB106A	false	-	Peptide: Beta-defensin 106	-	-	-	Secreted; Membrane	-	InterPro: Beta_defensin_dom; Pfam: Defensin_beta_2	0	0	true							Unknown								RSA/pLDDT unavailable: PyDSSP unavailable; install project dependencies | incomplete structural coverage for 8-mer | incomplete secondary-structure coverage for 8-mer	-	2026-09-07	REVIEW	-	membrane-side accessibility has no UniProt topology annotation | overlaps a disulfide bond | RSA/pLDDT unavailable: PyDSSP unavailable; install project dependencies | incomplete structural coverage for 8-mer | incomplete secondary-structure coverage for 8-mer
sp|Q8N104|D106A_HUMAN|window_30	Q8N104	Q8N104		31	38	GTCKNNCG	34	35	0.8112	true	Beta-defensin 106	DEFB106A	false	-	Peptide: Beta-defensin 106	-	-	-	Secreted; Membrane	-	InterPro: Beta_defensin_dom; Pfam: Defensin_beta_2	0	0	true							Unknown								RSA/pLDDT unavailable: PyDSSP unavailable; install project dependencies | incomplete structural coverage for 8-mer | incomplete secondary-structure coverage for 8-mer	-	2026-09-07	REVIEW	-	membrane-side accessibility has no UniProt topology annotation | overlaps a disulfide bond | RSA/pLDDT unavailable: PyDSSP unavailable; install project dependencies | incomplete structural coverage for 8-mer | incomplete secondary-structure coverage for 8-mer
sp|Q8N104|D106A_HUMAN|window_34	Q8N104	Q8N104		35	42	NNCGKNEE	38	39	0.8061	true	Beta-defensin 106	DEFB106A	false	-	Peptide: Beta-defensin 106	-	-	-	Secreted; Membrane	-	InterPro: Beta_defensin_dom; Pfam: Defensin_beta_2	0	0	true							Unknown								RSA/pLDDT unavailable: PyDSSP unavailable; install project dependencies | incomplete structural coverage for 8-mer | incomplete secondary-structure coverage for 8-mer	-	2026-09-07	REVIEW	-	membrane-side accessibility has no UniProt topology annotation | overlaps a disulfide bond | RSA/pLDDT unavailable: PyDSSP unavailable; install project dependencies | incomplete structural coverage for 8-mer | incomplete secondary-structure coverage for 8-mer
sp|Q8N104|D106A_HUMAN|window_7	Q8N104	Q8N104		8	15	FAVLFFLT	11	12	0.9178	true	Beta-defensin 106	DEFB106A	false	Signal	-	-	-	-	Secreted; Membrane	-	InterPro: Beta_defensin_dom; Pfam: Defensin_beta_2	0	0	false							Unknown								RSA/pLDDT unavailable: PyDSSP unavailable; install project dependencies | incomplete structural coverage for 8-mer | incomplete secondary-structure coverage for 8-mer	-	2026-09-07	EXCLUDE	overlaps a sequence-processing annotation	membrane-side accessibility has no UniProt topology annotation | RSA/pLDDT unavailable: PyDSSP unavailable; install project dependencies | incomplete structural coverage for 8-mer | incomplete secondary-structure coverage for 8-mer
sp|Q8N104|D106A_HUMAN|window_6	Q8N104	Q8N104		7	14	LFAVLFFL	10	11	0.9154	true	Beta-defensin 106	DEFB106A	false	Signal	-	-	-	-	Secreted; Membrane	-	InterPro: Beta_defensin_dom; Pfam: Defensin_beta_2	0	0	false							Unknown								RSA/pLDDT unavailable: PyDSSP unavailable; install project dependencies | incomplete structural coverage for 8-mer | incomplete secondary-structure coverage for 8-mer	-	2026-09-07	EXCLUDE	overlaps a sequence-processing annotation	membrane-side accessibility has no UniProt topology annotation | RSA/pLDDT unavailable: PyDSSP unavailable; install project dependencies | incomplete structural coverage for 8-mer | incomplete secondary-structure coverage for 8-mer
sp|Q8N104|D106A_HUMAN|window_8	Q8N104	Q8N104		9	16	AVLFFLTP	12	13	0.9089	true	Beta-defensin 106	DEFB106A	false	Signal	-	-	-	-	Secreted; Membrane	-	InterPro: Beta_defensin_dom; Pfam: Defensin_beta_2	0	0	false							Unknown								RSA/pLDDT unavailable: PyDSSP unavailable; install project dependencies | incomplete structural coverage for 8-mer | incomplete secondary-structure coverage for 8-mer	-	2026-09-07	EXCLUDE	overlaps a sequence-processing annotation	membrane-side accessibility has no UniProt topology annotation | RSA/pLDDT unavailable: PyDSSP unavailable; install project dependencies | incomplete structural coverage for 8-mer | incomplete secondary-structure coverage for 8-mer
sp|Q8N104|D106A_HUMAN|window_5	Q8N104	Q8N104		6	13	FLFAVLFF	9	10	0.8951	true	Beta-defensin 106	DEFB106A	false	Signal	-	-	-	-	Secreted; Membrane	-	InterPro: Beta_defensin_dom; Pfam: Defensin_beta_2	0	0	false							Unknown								RSA/pLDDT unavailable: PyDSSP unavailable; install project dependencies | incomplete structural coverage for 8-mer | incomplete secondary-structure coverage for 8-mer	-	2026-09-07	EXCLUDE	overlaps a sequence-processing annotation	membrane-side accessibility has no UniProt topology annotation | RSA/pLDDT unavailable: PyDSSP unavailable; install project dependencies | incomplete structural coverage for 8-mer | incomplete secondary-structure coverage for 8-mer
sp|Q8N104|D106A_HUMAN|window_9	Q8N104	Q8N104		10	17	VLFFLTPA	13	14	0.8862	true	Beta-defensin 106	DEFB106A	false	Signal	-	-	-	-	Secreted; Membrane	-	InterPro: Beta_defensin_dom; Pfam: Defensin_beta_2	0	0	false							Unknown								RSA/pLDDT unavailable: PyDSSP unavailable; install project dependencies | incomplete structural coverage for 8-mer | incomplete secondary-structure coverage for 8-mer	-	2026-09-07	EXCLUDE	overlaps a sequence-processing annotation	membrane-side accessibility has no UniProt topology annotation | RSA/pLDDT unavailable: PyDSSP unavailable; install project dependencies | incomplete structural coverage for 8-mer | incomplete secondary-structure coverage for 8-mer
sp|Q8N104|D106A_HUMAN|window_3	Q8N104	Q8N104		4	11	FLFLFAVL	7	8	0.8855	true	Beta-defensin 106	DEFB106A	false	Signal	-	-	-	-	Secreted; Membrane	-	InterPro: Beta_defensin_dom; Pfam: Defensin_beta_2	0	0	false							Unknown								RSA/pLDDT unavailable: PyDSSP unavailable; install project dependencies | incomplete structural coverage for 8-mer | incomplete secondary-structure coverage for 8-mer	-	2026-09-07	EXCLUDE	overlaps a sequence-processing annotation	membrane-side accessibility has no UniProt topology annotation | RSA/pLDDT unavailable: PyDSSP unavailable; install project dependencies | incomplete structural coverage for 8-mer | incomplete secondary-structure coverage for 8-mer
sp|Q8N104|D106A_HUMAN|window_4	Q8N104	Q8N104		5	12	LFLFAVLF	8	9	0.8847	true	Beta-defensin 106	DEFB106A	false	Signal	-	-	-	-	Secreted; Membrane	-	InterPro: Beta_defensin_dom; Pfam: Defensin_beta_2	0	0	false							Unknown								RSA/pLDDT unavailable: PyDSSP unavailable; install project dependencies | incomplete structural coverage for 8-mer | incomplete secondary-structure coverage for 8-mer	-	2026-09-07	EXCLUDE	overlaps a sequence-processing annotation	membrane-side accessibility has no UniProt topology annotation | RSA/pLDDT unavailable: PyDSSP unavailable; install project dependencies | incomplete structural coverage for 8-mer | incomplete secondary-structure coverage for 8-mer
sp|Q8N104|D106A_HUMAN|window_16	Q8N104	Q8N104		17	24	AKNAFFDE	20	21	0.8451	true	Beta-defensin 106	DEFB106A	false	Signal	Peptide: Beta-defensin 106	-	-	-	Secreted; Membrane	-	InterPro: Beta_defensin_dom; Pfam: Defensin_beta_2	0	0	false							Unknown								RSA/pLDDT unavailable: PyDSSP unavailable; install project dependencies | incomplete structural coverage for 8-mer | incomplete secondary-structure coverage for 8-mer	-	2026-09-07	EXCLUDE	overlaps a sequence-processing annotation	membrane-side accessibility has no UniProt topology annotation | RSA/pLDDT unavailable: PyDSSP unavailable; install project dependencies | incomplete structural coverage for 8-mer | incomplete secondary-structure coverage for 8-mer
sp|Q8N104|D106A_HUMAN|window_2	Q8N104	Q8N104		3	10	TFLFLFAV	6	7	0.8331	true	Beta-defensin 106	DEFB106A	false	Signal	-	-	-	-	Secreted; Membrane	-	InterPro: Beta_defensin_dom; Pfam: Defensin_beta_2	0	0	false							Unknown								RSA/pLDDT unavailable: PyDSSP unavailable; install project dependencies | incomplete structural coverage for 8-mer | incomplete secondary-structure coverage for 8-mer	-	2026-09-07	EXCLUDE	overlaps a sequence-processing annotation	membrane-side accessibility has no UniProt topology annotation | RSA/pLDDT unavailable: PyDSSP unavailable; install project dependencies | incomplete structural coverage for 8-mer | incomplete secondary-structure coverage for 8-mer
sp|Q8N104|D106A_HUMAN|window_15	Q8N104	Q8N104		16	23	PAKNAFFD	19	20	0.8317	true	Beta-defensin 106	DEFB106A	false	Signal	Peptide: Beta-defensin 106	-	-	-	Secreted; Membrane	-	InterPro: Beta_defensin_dom; Pfam: Defensin_beta_2	0	0	false							Unknown								RSA/pLDDT unavailable: PyDSSP unavailable; install project dependencies | incomplete structural coverage for 8-mer | incomplete secondary-structure coverage for 8-mer	-	2026-09-07	EXCLUDE	overlaps a sequence-processing annotation	membrane-side accessibility has no UniProt topology annotation | RSA/pLDDT unavailable: PyDSSP unavailable; install project dependencies | incomplete structural coverage for 8-mer | incomplete secondary-structure coverage for 8-mer
sp|Q8N104|D106A_HUMAN|window_1	Q8N104	Q8N104		2	9	RTFLFLFA	5	6	0.8275	true	Beta-defensin 106	DEFB106A	false	Signal	-	-	-	-	Secreted; Membrane	-	InterPro: Beta_defensin_dom; Pfam: Defensin_beta_2	0	0	false							Unknown								RSA/pLDDT unavailable: PyDSSP unavailable; install project dependencies | incomplete structural coverage for 8-mer | incomplete secondary-structure coverage for 8-mer	-	2026-09-07	EXCLUDE	overlaps a sequence-processing annotation	membrane-side accessibility has no UniProt topology annotation | RSA/pLDDT unavailable: PyDSSP unavailable; install project dependencies | incomplete structural coverage for 8-mer | incomplete secondary-structure coverage for 8-mer
sp|Q8N104|D106A_HUMAN|window_0	Q8N104	Q8N104		1	8	MRTFLFLF	4	5	0.8098	true	Beta-defensin 106	DEFB106A	false	Signal	-	-	-	-	Secreted; Membrane	-	InterPro: Beta_defensin_dom; Pfam: Defensin_beta_2	0	0	false							Unknown								RSA/pLDDT unavailable: PyDSSP unavailable; install project dependencies | incomplete structural coverage for 8-mer | incomplete secondary-structure coverage for 8-mer	-	2026-09-07	EXCLUDE	overlaps a sequence-processing annotation	membrane-side accessibility has no UniProt topology annotation | RSA/pLDDT unavailable: PyDSSP unavailable; install project dependencies | incomplete structural coverage for 8-mer | incomplete secondary-structure coverage for 8-mer
sp|Q8N104|D106A_HUMAN|window_17	Q8N104	Q8N104		18	25	KNAFFDEK	21	22	0.8027	true	Beta-defensin 106	DEFB106A	false	Signal	Peptide: Beta-defensin 106	-	-	-	Secreted; Membrane	-	InterPro: Beta_defensin_dom; Pfam: Defensin_beta_2	0	0	false							Unknown								RSA/pLDDT unavailable: PyDSSP unavailable; install project dependencies | incomplete structural coverage for 8-mer | incomplete secondary-structure coverage for 8-mer	-	2026-09-07	EXCLUDE	overlaps a sequence-processing annotation	membrane-side accessibility has no UniProt topology annotation | RSA/pLDDT unavailable: PyDSSP unavailable; install project dependencies | incomplete structural coverage for 8-mer | incomplete secondary-structure coverage for 8-mer
